methodology_id,section,factor,formula_id,metric_name,rule_type,score,score_label,min_value,max_value,min_inclusive,max_inclusive,direction,value_scale,secondary_formula_id,secondary_min_value,secondary_max_value,secondary_min_inclusive,secondary_max_inclusive,source_file,source_location,confidence,notes
sp_local_gov_k12,Individual Credit Profile Assessment,Economy,gdp_per_capita_ratio,Real GCP per capita as % of U.S. real GDP per capita,direct_numeric,1,,1.1,,False,,higher_is_stronger,decimal,,,,,,SP Local Government Scorecard Criteria 2024.pdf,Table 6 Economy: Initial assessment,high,
sp_local_gov_k12,Individual Credit Profile Assessment,Economy,gdp_per_capita_ratio,Real GCP per capita as % of U.S. real GDP per capita,direct_numeric,2,,0.95,1.1,True,True,higher_is_stronger,decimal,,,,,,SP Local Government Scorecard Criteria 2024.pdf,Table 6 Economy: Initial assessment,high,
sp_local_gov_k12,Individual Credit Profile Assessment,Economy,gdp_per_capita_ratio,Real GCP per capita as % of U.S. real GDP per capita,direct_numeric,3,,0.85,0.95,True,False,higher_is_stronger,decimal,,,,,,SP Local Government Scorecard Criteria 2024.pdf,Table 6 Economy: Initial assessment,high,
sp_local_gov_k12,Individual Credit Profile Assessment,Economy,gdp_per_capita_ratio,Real GCP per capita as % of U.S. real GDP per capita,direct_numeric,4,,0.75,0.85,True,False,higher_is_stronger,decimal,,,,,,SP Local Government Scorecard Criteria 2024.pdf,Table 6 Economy: Initial assessment,high,
sp_local_gov_k12,Individual Credit Profile Assessment,Economy,gdp_per_capita_ratio,Real GCP per capita as % of U.S. real GDP per capita,direct_numeric,5,,0.65,0.75,True,False,higher_is_stronger,decimal,,,,,,SP Local Government Scorecard Criteria 2024.pdf,Table 6 Economy: Initial assessment,high,
sp_local_gov_k12,Individual Credit Profile Assessment,Economy,gdp_per_capita_ratio,Real GCP per capita as % of U.S. real GDP per capita,direct_numeric,6,,,0.65,,False,higher_is_stronger,decimal,,,,,,SP Local Government Scorecard Criteria 2024.pdf,Table 6 Economy: Initial assessment,high,
sp_local_gov_k12,Individual Credit Profile Assessment,Economy,personal_income_ratio,County nominal PCPI as % of U.S. nominal PCPI,direct_numeric,1,,1.0,,False,,higher_is_stronger,decimal,,,,,,SP Local Government Scorecard Criteria 2024.pdf,Table 6 Economy: Initial assessment,high,
sp_local_gov_k12,Individual Credit Profile Assessment,Economy,personal_income_ratio,County nominal PCPI as % of U.S. nominal PCPI,direct_numeric,2,,0.9,1.0,True,True,higher_is_stronger,decimal,,,,,,SP Local Government Scorecard Criteria 2024.pdf,Table 6 Economy: Initial assessment,high,
sp_local_gov_k12,Individual Credit Profile Assessment,Economy,personal_income_ratio,County nominal PCPI as % of U.S. nominal PCPI,direct_numeric,3,,0.8,0.9,True,False,higher_is_stronger,decimal,,,,,,SP Local Government Scorecard Criteria 2024.pdf,Table 6 Economy: Initial assessment,high,
sp_local_gov_k12,Individual Credit Profile Assessment,Economy,personal_income_ratio,County nominal PCPI as % of U.S. nominal PCPI,direct_numeric,4,,0.75,0.8,True,False,higher_is_stronger,decimal,,,,,,SP Local Government Scorecard Criteria 2024.pdf,Table 6 Economy: Initial assessment,high,
sp_local_gov_k12,Individual Credit Profile Assessment,Economy,personal_income_ratio,County nominal PCPI as % of U.S. nominal PCPI,direct_numeric,5,,0.7,0.75,True,False,higher_is_stronger,decimal,,,,,,SP Local Government Scorecard Criteria 2024.pdf,Table 6 Economy: Initial assessment,high,
sp_local_gov_k12,Individual Credit Profile Assessment,Economy,personal_income_ratio,County nominal PCPI as % of U.S. nominal PCPI,direct_numeric,6,,,0.7,,False,higher_is_stronger,decimal,,,,,,SP Local Government Scorecard Criteria 2024.pdf,Table 6 Economy: Initial assessment,high,
sp_local_gov_k12,Individual Credit Profile Assessment,Financial Performance,gov_operating_margin_3yr_avg,Three-year average operating result,direct_numeric,1,,0.03,,False,,higher_is_stronger,decimal,,,,,,SP Local Government Scorecard Criteria 2024.pdf,Table 7 Financial performance: Initial assessment,high,"Scores 5 and 6 are reached through qualitative adjustments, not initial numeric thresholds."
sp_local_gov_k12,Individual Credit Profile Assessment,Financial Performance,gov_operating_margin_3yr_avg,Three-year average operating result,direct_numeric,2,,0.0,0.03,True,True,higher_is_stronger,decimal,,,,,,SP Local Government Scorecard Criteria 2024.pdf,Table 7 Financial performance: Initial assessment,high,"Scores 5 and 6 are reached through qualitative adjustments, not initial numeric thresholds."
sp_local_gov_k12,Individual Credit Profile Assessment,Financial Performance,gov_operating_margin_3yr_avg,Three-year average operating result,direct_numeric,3,,-0.03,0.0,True,False,higher_is_stronger,decimal,,,,,,SP Local Government Scorecard Criteria 2024.pdf,Table 7 Financial performance: Initial assessment,high,"Scores 5 and 6 are reached through qualitative adjustments, not initial numeric thresholds."
sp_local_gov_k12,Individual Credit Profile Assessment,Financial Performance,gov_operating_margin_3yr_avg,Three-year average operating result,direct_numeric,4,,,-0.03,,False,higher_is_stronger,decimal,,,,,,SP Local Government Scorecard Criteria 2024.pdf,Table 7 Financial performance: Initial assessment,high,"Scores 5 and 6 are reached through qualitative adjustments, not initial numeric thresholds."
sp_local_gov_k12,Individual Credit Profile Assessment,Reserves and Liquidity,available_fund_balance_ratio_3yr_avg,Available reserves % of revenues,direct_numeric,1,,0.15,,False,,higher_is_stronger,decimal,,,,,,SP Local Government Scorecard Criteria 2024.pdf,Table 9 Reserves and liquidity: Initial assessment for local governments,high,Score 6 is reached through qualitative adjustments.
sp_local_gov_k12,Individual Credit Profile Assessment,Reserves and Liquidity,available_fund_balance_ratio_3yr_avg,Available reserves % of revenues,direct_numeric,2,,0.08,0.15,True,True,higher_is_stronger,decimal,,,,,,SP Local Government Scorecard Criteria 2024.pdf,Table 9 Reserves and liquidity: Initial assessment for local governments,high,Score 6 is reached through qualitative adjustments.
sp_local_gov_k12,Individual Credit Profile Assessment,Reserves and Liquidity,available_fund_balance_ratio_3yr_avg,Available reserves % of revenues,direct_numeric,3,,0.04,0.08,True,False,higher_is_stronger,decimal,,,,,,SP Local Government Scorecard Criteria 2024.pdf,Table 9 Reserves and liquidity: Initial assessment for local governments,high,Score 6 is reached through qualitative adjustments.
sp_local_gov_k12,Individual Credit Profile Assessment,Reserves and Liquidity,available_fund_balance_ratio_3yr_avg,Available reserves % of revenues,direct_numeric,4,,0.01,0.04,True,False,higher_is_stronger,decimal,,,,,,SP Local Government Scorecard Criteria 2024.pdf,Table 9 Reserves and liquidity: Initial assessment for local governments,high,Score 6 is reached through qualitative adjustments.
sp_local_gov_k12,Individual Credit Profile Assessment,Reserves and Liquidity,available_fund_balance_ratio_3yr_avg,Available reserves % of revenues,direct_numeric,5,,,0.01,,False,higher_is_stronger,decimal,,,,,,SP Local Government Scorecard Criteria 2024.pdf,Table 9 Reserves and liquidity: Initial assessment for local governments,high,Score 6 is reached through qualitative adjustments.
sp_local_gov_k12,Individual Credit Profile Assessment,Debt & Liabilities,fixed_cost_burden_ratio,Current cost for debt service and liabilities % of revenues,direct_numeric,1,,,0.08,,False,lower_is_stronger,decimal,,,,,,SP Local Government Scorecard Criteria 2024.pdf,Table 13 Debt and liabilities: Initial assessment,high,
sp_local_gov_k12,Individual Credit Profile Assessment,Debt & Liabilities,fixed_cost_burden_ratio,Current cost for debt service and liabilities % of revenues,direct_numeric,2,,0.08,0.14,True,False,lower_is_stronger,decimal,,,,,,SP Local Government Scorecard Criteria 2024.pdf,Table 13 Debt and liabilities: Initial assessment,high,
sp_local_gov_k12,Individual Credit Profile Assessment,Debt & Liabilities,fixed_cost_burden_ratio,Current cost for debt service and liabilities % of revenues,direct_numeric,3,,0.14,0.2,True,False,lower_is_stronger,decimal,,,,,,SP Local Government Scorecard Criteria 2024.pdf,Table 13 Debt and liabilities: Initial assessment,high,
sp_local_gov_k12,Individual Credit Profile Assessment,Debt & Liabilities,fixed_cost_burden_ratio,Current cost for debt service and liabilities % of revenues,direct_numeric,4,,0.2,0.25,True,False,lower_is_stronger,decimal,,,,,,SP Local Government Scorecard Criteria 2024.pdf,Table 13 Debt and liabilities: Initial assessment,high,
sp_local_gov_k12,Individual Credit Profile Assessment,Debt & Liabilities,fixed_cost_burden_ratio,Current cost for debt service and liabilities % of revenues,direct_numeric,5,,0.25,0.3,True,False,lower_is_stronger,decimal,,,,,,SP Local Government Scorecard Criteria 2024.pdf,Table 13 Debt and liabilities: Initial assessment,high,
sp_local_gov_k12,Individual Credit Profile Assessment,Debt & Liabilities,fixed_cost_burden_ratio,Current cost for debt service and liabilities % of revenues,direct_numeric,6,,0.3,,False,,lower_is_stronger,decimal,,,,,,SP Local Government Scorecard Criteria 2024.pdf,Table 13 Debt and liabilities: Initial assessment,high,
sp_local_gov_k12,Individual Credit Profile Assessment,Debt & Liabilities,net_direct_debt_per_capita,Net direct debt per capita,direct_numeric,1,,,500,,False,lower_is_stronger,absolute,,,,,,SP Local Government Scorecard Criteria 2024.pdf,Table 13 Debt and liabilities: Initial assessment,high,
sp_local_gov_k12,Individual Credit Profile Assessment,Debt & Liabilities,net_direct_debt_per_capita,Net direct debt per capita,direct_numeric,2,,500,1500,True,False,lower_is_stronger,absolute,,,,,,SP Local Government Scorecard Criteria 2024.pdf,Table 13 Debt and liabilities: Initial assessment,high,
sp_local_gov_k12,Individual Credit Profile Assessment,Debt & Liabilities,net_direct_debt_per_capita,Net direct debt per capita,direct_numeric,3,,1500,2500,True,False,lower_is_stronger,absolute,,,,,,SP Local Government Scorecard Criteria 2024.pdf,Table 13 Debt and liabilities: Initial assessment,high,
sp_local_gov_k12,Individual Credit Profile Assessment,Debt & Liabilities,net_direct_debt_per_capita,Net direct debt per capita,direct_numeric,4,,2500,3500,True,False,lower_is_stronger,absolute,,,,,,SP Local Government Scorecard Criteria 2024.pdf,Table 13 Debt and liabilities: Initial assessment,high,
sp_local_gov_k12,Individual Credit Profile Assessment,Debt & Liabilities,net_direct_debt_per_capita,Net direct debt per capita,direct_numeric,5,,3500,4500,True,False,lower_is_stronger,absolute,,,,,,SP Local Government Scorecard Criteria 2024.pdf,Table 13 Debt and liabilities: Initial assessment,high,
sp_local_gov_k12,Individual Credit Profile Assessment,Debt & Liabilities,net_direct_debt_per_capita,Net direct debt per capita,direct_numeric,6,,4500,,False,,lower_is_stronger,absolute,,,,,,SP Local Government Scorecard Criteria 2024.pdf,Table 13 Debt and liabilities: Initial assessment,high,
sp_local_gov_k12,Individual Credit Profile Assessment,Debt & Liabilities,npl_per_capita,Net pension liabilities per capita,direct_numeric,1,,,500,,False,lower_is_stronger,absolute,,,,,,SP Local Government Scorecard Criteria 2024.pdf,Table 13 Debt and liabilities: Initial assessment,high,
sp_local_gov_k12,Individual Credit Profile Assessment,Debt & Liabilities,npl_per_capita,Net pension liabilities per capita,direct_numeric,2,,500,1500,True,False,lower_is_stronger,absolute,,,,,,SP Local Government Scorecard Criteria 2024.pdf,Table 13 Debt and liabilities: Initial assessment,high,
sp_local_gov_k12,Individual Credit Profile Assessment,Debt & Liabilities,npl_per_capita,Net pension liabilities per capita,direct_numeric,3,,1500,2500,True,False,lower_is_stronger,absolute,,,,,,SP Local Government Scorecard Criteria 2024.pdf,Table 13 Debt and liabilities: Initial assessment,high,
sp_local_gov_k12,Individual Credit Profile Assessment,Debt & Liabilities,npl_per_capita,Net pension liabilities per capita,direct_numeric,4,,2500,3500,True,False,lower_is_stronger,absolute,,,,,,SP Local Government Scorecard Criteria 2024.pdf,Table 13 Debt and liabilities: Initial assessment,high,
sp_local_gov_k12,Individual Credit Profile Assessment,Debt & Liabilities,npl_per_capita,Net pension liabilities per capita,direct_numeric,5,,3500,4500,True,False,lower_is_stronger,absolute,,,,,,SP Local Government Scorecard Criteria 2024.pdf,Table 13 Debt and liabilities: Initial assessment,high,
sp_local_gov_k12,Individual Credit Profile Assessment,Debt & Liabilities,npl_per_capita,Net pension liabilities per capita,direct_numeric,6,,4500,,False,,lower_is_stronger,absolute,,,,,,SP Local Government Scorecard Criteria 2024.pdf,Table 13 Debt and liabilities: Initial assessment,high,
sp_local_gov_k12,Individual Credit Profile Assessment,Management,management_assessment,Management Assessment,manual_score,1,1 to 6 analyst assessment,,,,,,decimal,,,,,,SP Local Government Scorecard Criteria 2024.pdf,Management factor is primarily qualitative,high,"Manual input. Score 1 strongest, 6 weakest."
sp_local_gov_k12,Institutional Framework,Institutional Framework,institutional_framework_rating,Institutional Framework Assessment,manual_score,1,1 to 6 analyst assessment,,,,,,decimal,,,,,,SP Local Government Scorecard Criteria 2024.pdf,Institutional Framework section,high,"Manual/lookup input by state/government type; used later by anchor engine, not ICP factor engine."
sp_local_gov,Individual Credit Profile Assessment,Economy,gdp_per_capita_ratio,Real GCP per capita as % of U.S. real GDP per capita,direct_numeric,1,,1.1,,False,,higher_is_stronger,decimal,,,,,,SP Local Government Scorecard Criteria 2024.pdf,Table 6 Economy: Initial assessment,high,
sp_local_gov,Individual Credit Profile Assessment,Economy,gdp_per_capita_ratio,Real GCP per capita as % of U.S. real GDP per capita,direct_numeric,2,,0.95,1.1,True,True,higher_is_stronger,decimal,,,,,,SP Local Government Scorecard Criteria 2024.pdf,Table 6 Economy: Initial assessment,high,
sp_local_gov,Individual Credit Profile Assessment,Economy,gdp_per_capita_ratio,Real GCP per capita as % of U.S. real GDP per capita,direct_numeric,3,,0.85,0.95,True,False,higher_is_stronger,decimal,,,,,,SP Local Government Scorecard Criteria 2024.pdf,Table 6 Economy: Initial assessment,high,
sp_local_gov,Individual Credit Profile Assessment,Economy,gdp_per_capita_ratio,Real GCP per capita as % of U.S. real GDP per capita,direct_numeric,4,,0.75,0.85,True,False,higher_is_stronger,decimal,,,,,,SP Local Government Scorecard Criteria 2024.pdf,Table 6 Economy: Initial assessment,high,
sp_local_gov,Individual Credit Profile Assessment,Economy,gdp_per_capita_ratio,Real GCP per capita as % of U.S. real GDP per capita,direct_numeric,5,,0.65,0.75,True,False,higher_is_stronger,decimal,,,,,,SP Local Government Scorecard Criteria 2024.pdf,Table 6 Economy: Initial assessment,high,
sp_local_gov,Individual Credit Profile Assessment,Economy,gdp_per_capita_ratio,Real GCP per capita as % of U.S. real GDP per capita,direct_numeric,6,,,0.65,,False,higher_is_stronger,decimal,,,,,,SP Local Government Scorecard Criteria 2024.pdf,Table 6 Economy: Initial assessment,high,
sp_local_gov,Individual Credit Profile Assessment,Economy,personal_income_ratio,County nominal PCPI as % of U.S. nominal PCPI,direct_numeric,1,,1.0,,False,,higher_is_stronger,decimal,,,,,,SP Local Government Scorecard Criteria 2024.pdf,Table 6 Economy: Initial assessment,high,
sp_local_gov,Individual Credit Profile Assessment,Economy,personal_income_ratio,County nominal PCPI as % of U.S. nominal PCPI,direct_numeric,2,,0.9,1.0,True,True,higher_is_stronger,decimal,,,,,,SP Local Government Scorecard Criteria 2024.pdf,Table 6 Economy: Initial assessment,high,
sp_local_gov,Individual Credit Profile Assessment,Economy,personal_income_ratio,County nominal PCPI as % of U.S. nominal PCPI,direct_numeric,3,,0.8,0.9,True,False,higher_is_stronger,decimal,,,,,,SP Local Government Scorecard Criteria 2024.pdf,Table 6 Economy: Initial assessment,high,
sp_local_gov,Individual Credit Profile Assessment,Economy,personal_income_ratio,County nominal PCPI as % of U.S. nominal PCPI,direct_numeric,4,,0.75,0.8,True,False,higher_is_stronger,decimal,,,,,,SP Local Government Scorecard Criteria 2024.pdf,Table 6 Economy: Initial assessment,high,
sp_local_gov,Individual Credit Profile Assessment,Economy,personal_income_ratio,County nominal PCPI as % of U.S. nominal PCPI,direct_numeric,5,,0.7,0.75,True,False,higher_is_stronger,decimal,,,,,,SP Local Government Scorecard Criteria 2024.pdf,Table 6 Economy: Initial assessment,high,
sp_local_gov,Individual Credit Profile Assessment,Economy,personal_income_ratio,County nominal PCPI as % of U.S. nominal PCPI,direct_numeric,6,,,0.7,,False,higher_is_stronger,decimal,,,,,,SP Local Government Scorecard Criteria 2024.pdf,Table 6 Economy: Initial assessment,high,
sp_local_gov,Individual Credit Profile Assessment,Financial Performance,gov_operating_margin_3yr_avg,Three-year average operating result,direct_numeric,1,,0.03,,False,,higher_is_stronger,decimal,,,,,,SP Local Government Scorecard Criteria 2024.pdf,Table 7 Financial performance: Initial assessment,high,"Scores 5 and 6 are reached through qualitative adjustments, not initial numeric thresholds."
sp_local_gov,Individual Credit Profile Assessment,Financial Performance,gov_operating_margin_3yr_avg,Three-year average operating result,direct_numeric,2,,0.0,0.03,True,True,higher_is_stronger,decimal,,,,,,SP Local Government Scorecard Criteria 2024.pdf,Table 7 Financial performance: Initial assessment,high,"Scores 5 and 6 are reached through qualitative adjustments, not initial numeric thresholds."
sp_local_gov,Individual Credit Profile Assessment,Financial Performance,gov_operating_margin_3yr_avg,Three-year average operating result,direct_numeric,3,,-0.03,0.0,True,False,higher_is_stronger,decimal,,,,,,SP Local Government Scorecard Criteria 2024.pdf,Table 7 Financial performance: Initial assessment,high,"Scores 5 and 6 are reached through qualitative adjustments, not initial numeric thresholds."
sp_local_gov,Individual Credit Profile Assessment,Financial Performance,gov_operating_margin_3yr_avg,Three-year average operating result,direct_numeric,4,,,-0.03,,False,higher_is_stronger,decimal,,,,,,SP Local Government Scorecard Criteria 2024.pdf,Table 7 Financial performance: Initial assessment,high,"Scores 5 and 6 are reached through qualitative adjustments, not initial numeric thresholds."
sp_local_gov,Individual Credit Profile Assessment,Reserves and Liquidity,available_fund_balance_ratio_3yr_avg,Available reserves % of revenues,direct_numeric,1,,0.15,,False,,higher_is_stronger,decimal,,,,,,SP Local Government Scorecard Criteria 2024.pdf,Table 9 Reserves and liquidity: Initial assessment for local governments,high,Score 6 is reached through qualitative adjustments.
sp_local_gov,Individual Credit Profile Assessment,Reserves and Liquidity,available_fund_balance_ratio_3yr_avg,Available reserves % of revenues,direct_numeric,2,,0.08,0.15,True,True,higher_is_stronger,decimal,,,,,,SP Local Government Scorecard Criteria 2024.pdf,Table 9 Reserves and liquidity: Initial assessment for local governments,high,Score 6 is reached through qualitative adjustments.
sp_local_gov,Individual Credit Profile Assessment,Reserves and Liquidity,available_fund_balance_ratio_3yr_avg,Available reserves % of revenues,direct_numeric,3,,0.04,0.08,True,False,higher_is_stronger,decimal,,,,,,SP Local Government Scorecard Criteria 2024.pdf,Table 9 Reserves and liquidity: Initial assessment for local governments,high,Score 6 is reached through qualitative adjustments.
sp_local_gov,Individual Credit Profile Assessment,Reserves and Liquidity,available_fund_balance_ratio_3yr_avg,Available reserves % of revenues,direct_numeric,4,,0.01,0.04,True,False,higher_is_stronger,decimal,,,,,,SP Local Government Scorecard Criteria 2024.pdf,Table 9 Reserves and liquidity: Initial assessment for local governments,high,Score 6 is reached through qualitative adjustments.
sp_local_gov,Individual Credit Profile Assessment,Reserves and Liquidity,available_fund_balance_ratio_3yr_avg,Available reserves % of revenues,direct_numeric,5,,,0.01,,False,higher_is_stronger,decimal,,,,,,SP Local Government Scorecard Criteria 2024.pdf,Table 9 Reserves and liquidity: Initial assessment for local governments,high,Score 6 is reached through qualitative adjustments.
sp_local_gov,Individual Credit Profile Assessment,Debt & Liabilities,fixed_cost_burden_ratio,Current cost for debt service and liabilities % of revenues,direct_numeric,1,,,0.08,,False,lower_is_stronger,decimal,,,,,,SP Local Government Scorecard Criteria 2024.pdf,Table 13 Debt and liabilities: Initial assessment,high,
sp_local_gov,Individual Credit Profile Assessment,Debt & Liabilities,fixed_cost_burden_ratio,Current cost for debt service and liabilities % of revenues,direct_numeric,2,,0.08,0.14,True,False,lower_is_stronger,decimal,,,,,,SP Local Government Scorecard Criteria 2024.pdf,Table 13 Debt and liabilities: Initial assessment,high,
sp_local_gov,Individual Credit Profile Assessment,Debt & Liabilities,fixed_cost_burden_ratio,Current cost for debt service and liabilities % of revenues,direct_numeric,3,,0.14,0.2,True,False,lower_is_stronger,decimal,,,,,,SP Local Government Scorecard Criteria 2024.pdf,Table 13 Debt and liabilities: Initial assessment,high,
sp_local_gov,Individual Credit Profile Assessment,Debt & Liabilities,fixed_cost_burden_ratio,Current cost for debt service and liabilities % of revenues,direct_numeric,4,,0.2,0.25,True,False,lower_is_stronger,decimal,,,,,,SP Local Government Scorecard Criteria 2024.pdf,Table 13 Debt and liabilities: Initial assessment,high,
sp_local_gov,Individual Credit Profile Assessment,Debt & Liabilities,fixed_cost_burden_ratio,Current cost for debt service and liabilities % of revenues,direct_numeric,5,,0.25,0.3,True,False,lower_is_stronger,decimal,,,,,,SP Local Government Scorecard Criteria 2024.pdf,Table 13 Debt and liabilities: Initial assessment,high,
sp_local_gov,Individual Credit Profile Assessment,Debt & Liabilities,fixed_cost_burden_ratio,Current cost for debt service and liabilities % of revenues,direct_numeric,6,,0.3,,False,,lower_is_stronger,decimal,,,,,,SP Local Government Scorecard Criteria 2024.pdf,Table 13 Debt and liabilities: Initial assessment,high,
sp_local_gov,Individual Credit Profile Assessment,Debt & Liabilities,net_direct_debt_per_capita,Net direct debt per capita,direct_numeric,1,,,500,,False,lower_is_stronger,absolute,,,,,,SP Local Government Scorecard Criteria 2024.pdf,Table 13 Debt and liabilities: Initial assessment,high,
sp_local_gov,Individual Credit Profile Assessment,Debt & Liabilities,net_direct_debt_per_capita,Net direct debt per capita,direct_numeric,2,,500,1500,True,False,lower_is_stronger,absolute,,,,,,SP Local Government Scorecard Criteria 2024.pdf,Table 13 Debt and liabilities: Initial assessment,high,
sp_local_gov,Individual Credit Profile Assessment,Debt & Liabilities,net_direct_debt_per_capita,Net direct debt per capita,direct_numeric,3,,1500,2500,True,False,lower_is_stronger,absolute,,,,,,SP Local Government Scorecard Criteria 2024.pdf,Table 13 Debt and liabilities: Initial assessment,high,
sp_local_gov,Individual Credit Profile Assessment,Debt & Liabilities,net_direct_debt_per_capita,Net direct debt per capita,direct_numeric,4,,2500,3500,True,False,lower_is_stronger,absolute,,,,,,SP Local Government Scorecard Criteria 2024.pdf,Table 13 Debt and liabilities: Initial assessment,high,
sp_local_gov,Individual Credit Profile Assessment,Debt & Liabilities,net_direct_debt_per_capita,Net direct debt per capita,direct_numeric,5,,3500,4500,True,False,lower_is_stronger,absolute,,,,,,SP Local Government Scorecard Criteria 2024.pdf,Table 13 Debt and liabilities: Initial assessment,high,
sp_local_gov,Individual Credit Profile Assessment,Debt & Liabilities,net_direct_debt_per_capita,Net direct debt per capita,direct_numeric,6,,4500,,False,,lower_is_stronger,absolute,,,,,,SP Local Government Scorecard Criteria 2024.pdf,Table 13 Debt and liabilities: Initial assessment,high,
sp_local_gov,Individual Credit Profile Assessment,Debt & Liabilities,npl_per_capita,Net pension liabilities per capita,direct_numeric,1,,,500,,False,lower_is_stronger,absolute,,,,,,SP Local Government Scorecard Criteria 2024.pdf,Table 13 Debt and liabilities: Initial assessment,high,
sp_local_gov,Individual Credit Profile Assessment,Debt & Liabilities,npl_per_capita,Net pension liabilities per capita,direct_numeric,2,,500,1500,True,False,lower_is_stronger,absolute,,,,,,SP Local Government Scorecard Criteria 2024.pdf,Table 13 Debt and liabilities: Initial assessment,high,
sp_local_gov,Individual Credit Profile Assessment,Debt & Liabilities,npl_per_capita,Net pension liabilities per capita,direct_numeric,3,,1500,2500,True,False,lower_is_stronger,absolute,,,,,,SP Local Government Scorecard Criteria 2024.pdf,Table 13 Debt and liabilities: Initial assessment,high,
sp_local_gov,Individual Credit Profile Assessment,Debt & Liabilities,npl_per_capita,Net pension liabilities per capita,direct_numeric,4,,2500,3500,True,False,lower_is_stronger,absolute,,,,,,SP Local Government Scorecard Criteria 2024.pdf,Table 13 Debt and liabilities: Initial assessment,high,
sp_local_gov,Individual Credit Profile Assessment,Debt & Liabilities,npl_per_capita,Net pension liabilities per capita,direct_numeric,5,,3500,4500,True,False,lower_is_stronger,absolute,,,,,,SP Local Government Scorecard Criteria 2024.pdf,Table 13 Debt and liabilities: Initial assessment,high,
sp_local_gov,Individual Credit Profile Assessment,Debt & Liabilities,npl_per_capita,Net pension liabilities per capita,direct_numeric,6,,4500,,False,,lower_is_stronger,absolute,,,,,,SP Local Government Scorecard Criteria 2024.pdf,Table 13 Debt and liabilities: Initial assessment,high,
sp_local_gov,Individual Credit Profile Assessment,Management,management_assessment,Management Assessment,manual_score,1,1 to 6 analyst assessment,,,,,,decimal,,,,,,SP Local Government Scorecard Criteria 2024.pdf,Management factor is primarily qualitative,high,"Manual input. Score 1 strongest, 6 weakest."
sp_local_gov,Institutional Framework,Institutional Framework,institutional_framework_rating,Institutional Framework Assessment,manual_score,1,1 to 6 analyst assessment,,,,,,decimal,,,,,,SP Local Government Scorecard Criteria 2024.pdf,Institutional Framework section,high,"Manual/lookup input by state/government type; used later by anchor engine, not ICP factor engine."
sp_us_government_2024,Individual Credit Profile Assessment,Economy,gdp_per_capita_ratio,Real GCP per capita as % of U.S. real GDP per capita,direct_numeric,1,,1.1,,False,,higher_is_stronger,decimal,,,,,,SP Local Government Scorecard Criteria 2024.pdf,Table 6 Economy: Initial assessment,high,
sp_us_government_2024,Individual Credit Profile Assessment,Economy,gdp_per_capita_ratio,Real GCP per capita as % of U.S. real GDP per capita,direct_numeric,2,,0.95,1.1,True,True,higher_is_stronger,decimal,,,,,,SP Local Government Scorecard Criteria 2024.pdf,Table 6 Economy: Initial assessment,high,
sp_us_government_2024,Individual Credit Profile Assessment,Economy,gdp_per_capita_ratio,Real GCP per capita as % of U.S. real GDP per capita,direct_numeric,3,,0.85,0.95,True,False,higher_is_stronger,decimal,,,,,,SP Local Government Scorecard Criteria 2024.pdf,Table 6 Economy: Initial assessment,high,
sp_us_government_2024,Individual Credit Profile Assessment,Economy,gdp_per_capita_ratio,Real GCP per capita as % of U.S. real GDP per capita,direct_numeric,4,,0.75,0.85,True,False,higher_is_stronger,decimal,,,,,,SP Local Government Scorecard Criteria 2024.pdf,Table 6 Economy: Initial assessment,high,
sp_us_government_2024,Individual Credit Profile Assessment,Economy,gdp_per_capita_ratio,Real GCP per capita as % of U.S. real GDP per capita,direct_numeric,5,,0.65,0.75,True,False,higher_is_stronger,decimal,,,,,,SP Local Government Scorecard Criteria 2024.pdf,Table 6 Economy: Initial assessment,high,
sp_us_government_2024,Individual Credit Profile Assessment,Economy,gdp_per_capita_ratio,Real GCP per capita as % of U.S. real GDP per capita,direct_numeric,6,,,0.65,,False,higher_is_stronger,decimal,,,,,,SP Local Government Scorecard Criteria 2024.pdf,Table 6 Economy: Initial assessment,high,
sp_us_government_2024,Individual Credit Profile Assessment,Economy,personal_income_ratio,County nominal PCPI as % of U.S. nominal PCPI,direct_numeric,1,,1.0,,False,,higher_is_stronger,decimal,,,,,,SP Local Government Scorecard Criteria 2024.pdf,Table 6 Economy: Initial assessment,high,
sp_us_government_2024,Individual Credit Profile Assessment,Economy,personal_income_ratio,County nominal PCPI as % of U.S. nominal PCPI,direct_numeric,2,,0.9,1.0,True,True,higher_is_stronger,decimal,,,,,,SP Local Government Scorecard Criteria 2024.pdf,Table 6 Economy: Initial assessment,high,
sp_us_government_2024,Individual Credit Profile Assessment,Economy,personal_income_ratio,County nominal PCPI as % of U.S. nominal PCPI,direct_numeric,3,,0.8,0.9,True,False,higher_is_stronger,decimal,,,,,,SP Local Government Scorecard Criteria 2024.pdf,Table 6 Economy: Initial assessment,high,
sp_us_government_2024,Individual Credit Profile Assessment,Economy,personal_income_ratio,County nominal PCPI as % of U.S. nominal PCPI,direct_numeric,4,,0.75,0.8,True,False,higher_is_stronger,decimal,,,,,,SP Local Government Scorecard Criteria 2024.pdf,Table 6 Economy: Initial assessment,high,
sp_us_government_2024,Individual Credit Profile Assessment,Economy,personal_income_ratio,County nominal PCPI as % of U.S. nominal PCPI,direct_numeric,5,,0.7,0.75,True,False,higher_is_stronger,decimal,,,,,,SP Local Government Scorecard Criteria 2024.pdf,Table 6 Economy: Initial assessment,high,
sp_us_government_2024,Individual Credit Profile Assessment,Economy,personal_income_ratio,County nominal PCPI as % of U.S. nominal PCPI,direct_numeric,6,,,0.7,,False,higher_is_stronger,decimal,,,,,,SP Local Government Scorecard Criteria 2024.pdf,Table 6 Economy: Initial assessment,high,
sp_us_government_2024,Individual Credit Profile Assessment,Financial Performance,gov_operating_margin_3yr_avg,Three-year average operating result,direct_numeric,1,,0.03,,False,,higher_is_stronger,decimal,,,,,,SP Local Government Scorecard Criteria 2024.pdf,Table 7 Financial performance: Initial assessment,high,"Scores 5 and 6 are reached through qualitative adjustments, not initial numeric thresholds."
sp_us_government_2024,Individual Credit Profile Assessment,Financial Performance,gov_operating_margin_3yr_avg,Three-year average operating result,direct_numeric,2,,0.0,0.03,True,True,higher_is_stronger,decimal,,,,,,SP Local Government Scorecard Criteria 2024.pdf,Table 7 Financial performance: Initial assessment,high,"Scores 5 and 6 are reached through qualitative adjustments, not initial numeric thresholds."
sp_us_government_2024,Individual Credit Profile Assessment,Financial Performance,gov_operating_margin_3yr_avg,Three-year average operating result,direct_numeric,3,,-0.03,0.0,True,False,higher_is_stronger,decimal,,,,,,SP Local Government Scorecard Criteria 2024.pdf,Table 7 Financial performance: Initial assessment,high,"Scores 5 and 6 are reached through qualitative adjustments, not initial numeric thresholds."
sp_us_government_2024,Individual Credit Profile Assessment,Financial Performance,gov_operating_margin_3yr_avg,Three-year average operating result,direct_numeric,4,,,-0.03,,False,higher_is_stronger,decimal,,,,,,SP Local Government Scorecard Criteria 2024.pdf,Table 7 Financial performance: Initial assessment,high,"Scores 5 and 6 are reached through qualitative adjustments, not initial numeric thresholds."
sp_us_government_2024,Individual Credit Profile Assessment,Reserves and Liquidity,available_fund_balance_ratio_3yr_avg,Available reserves % of revenues,direct_numeric,1,,0.15,,False,,higher_is_stronger,decimal,,,,,,SP Local Government Scorecard Criteria 2024.pdf,Table 9 Reserves and liquidity: Initial assessment for local governments,high,Score 6 is reached through qualitative adjustments.
sp_us_government_2024,Individual Credit Profile Assessment,Reserves and Liquidity,available_fund_balance_ratio_3yr_avg,Available reserves % of revenues,direct_numeric,2,,0.08,0.15,True,True,higher_is_stronger,decimal,,,,,,SP Local Government Scorecard Criteria 2024.pdf,Table 9 Reserves and liquidity: Initial assessment for local governments,high,Score 6 is reached through qualitative adjustments.
sp_us_government_2024,Individual Credit Profile Assessment,Reserves and Liquidity,available_fund_balance_ratio_3yr_avg,Available reserves % of revenues,direct_numeric,3,,0.04,0.08,True,False,higher_is_stronger,decimal,,,,,,SP Local Government Scorecard Criteria 2024.pdf,Table 9 Reserves and liquidity: Initial assessment for local governments,high,Score 6 is reached through qualitative adjustments.
sp_us_government_2024,Individual Credit Profile Assessment,Reserves and Liquidity,available_fund_balance_ratio_3yr_avg,Available reserves % of revenues,direct_numeric,4,,0.01,0.04,True,False,higher_is_stronger,decimal,,,,,,SP Local Government Scorecard Criteria 2024.pdf,Table 9 Reserves and liquidity: Initial assessment for local governments,high,Score 6 is reached through qualitative adjustments.
sp_us_government_2024,Individual Credit Profile Assessment,Reserves and Liquidity,available_fund_balance_ratio_3yr_avg,Available reserves % of revenues,direct_numeric,5,,,0.01,,False,higher_is_stronger,decimal,,,,,,SP Local Government Scorecard Criteria 2024.pdf,Table 9 Reserves and liquidity: Initial assessment for local governments,high,Score 6 is reached through qualitative adjustments.
sp_us_government_2024,Individual Credit Profile Assessment,Debt & Liabilities,fixed_cost_burden_ratio,Current cost for debt service and liabilities % of revenues,direct_numeric,1,,,0.08,,False,lower_is_stronger,decimal,,,,,,SP Local Government Scorecard Criteria 2024.pdf,Table 13 Debt and liabilities: Initial assessment,high,
sp_us_government_2024,Individual Credit Profile Assessment,Debt & Liabilities,fixed_cost_burden_ratio,Current cost for debt service and liabilities % of revenues,direct_numeric,2,,0.08,0.14,True,False,lower_is_stronger,decimal,,,,,,SP Local Government Scorecard Criteria 2024.pdf,Table 13 Debt and liabilities: Initial assessment,high,
sp_us_government_2024,Individual Credit Profile Assessment,Debt & Liabilities,fixed_cost_burden_ratio,Current cost for debt service and liabilities % of revenues,direct_numeric,3,,0.14,0.2,True,False,lower_is_stronger,decimal,,,,,,SP Local Government Scorecard Criteria 2024.pdf,Table 13 Debt and liabilities: Initial assessment,high,
sp_us_government_2024,Individual Credit Profile Assessment,Debt & Liabilities,fixed_cost_burden_ratio,Current cost for debt service and liabilities % of revenues,direct_numeric,4,,0.2,0.25,True,False,lower_is_stronger,decimal,,,,,,SP Local Government Scorecard Criteria 2024.pdf,Table 13 Debt and liabilities: Initial assessment,high,
sp_us_government_2024,Individual Credit Profile Assessment,Debt & Liabilities,fixed_cost_burden_ratio,Current cost for debt service and liabilities % of revenues,direct_numeric,5,,0.25,0.3,True,False,lower_is_stronger,decimal,,,,,,SP Local Government Scorecard Criteria 2024.pdf,Table 13 Debt and liabilities: Initial assessment,high,
sp_us_government_2024,Individual Credit Profile Assessment,Debt & Liabilities,fixed_cost_burden_ratio,Current cost for debt service and liabilities % of revenues,direct_numeric,6,,0.3,,False,,lower_is_stronger,decimal,,,,,,SP Local Government Scorecard Criteria 2024.pdf,Table 13 Debt and liabilities: Initial assessment,high,
sp_us_government_2024,Individual Credit Profile Assessment,Debt & Liabilities,net_direct_debt_per_capita,Net direct debt per capita,direct_numeric,1,,,500,,False,lower_is_stronger,absolute,,,,,,SP Local Government Scorecard Criteria 2024.pdf,Table 13 Debt and liabilities: Initial assessment,high,
sp_us_government_2024,Individual Credit Profile Assessment,Debt & Liabilities,net_direct_debt_per_capita,Net direct debt per capita,direct_numeric,2,,500,1500,True,False,lower_is_stronger,absolute,,,,,,SP Local Government Scorecard Criteria 2024.pdf,Table 13 Debt and liabilities: Initial assessment,high,
sp_us_government_2024,Individual Credit Profile Assessment,Debt & Liabilities,net_direct_debt_per_capita,Net direct debt per capita,direct_numeric,3,,1500,2500,True,False,lower_is_stronger,absolute,,,,,,SP Local Government Scorecard Criteria 2024.pdf,Table 13 Debt and liabilities: Initial assessment,high,
sp_us_government_2024,Individual Credit Profile Assessment,Debt & Liabilities,net_direct_debt_per_capita,Net direct debt per capita,direct_numeric,4,,2500,3500,True,False,lower_is_stronger,absolute,,,,,,SP Local Government Scorecard Criteria 2024.pdf,Table 13 Debt and liabilities: Initial assessment,high,
sp_us_government_2024,Individual Credit Profile Assessment,Debt & Liabilities,net_direct_debt_per_capita,Net direct debt per capita,direct_numeric,5,,3500,4500,True,False,lower_is_stronger,absolute,,,,,,SP Local Government Scorecard Criteria 2024.pdf,Table 13 Debt and liabilities: Initial assessment,high,
sp_us_government_2024,Individual Credit Profile Assessment,Debt & Liabilities,net_direct_debt_per_capita,Net direct debt per capita,direct_numeric,6,,4500,,False,,lower_is_stronger,absolute,,,,,,SP Local Government Scorecard Criteria 2024.pdf,Table 13 Debt and liabilities: Initial assessment,high,
sp_us_government_2024,Individual Credit Profile Assessment,Debt & Liabilities,npl_per_capita,Net pension liabilities per capita,direct_numeric,1,,,500,,False,lower_is_stronger,absolute,,,,,,SP Local Government Scorecard Criteria 2024.pdf,Table 13 Debt and liabilities: Initial assessment,high,
sp_us_government_2024,Individual Credit Profile Assessment,Debt & Liabilities,npl_per_capita,Net pension liabilities per capita,direct_numeric,2,,500,1500,True,False,lower_is_stronger,absolute,,,,,,SP Local Government Scorecard Criteria 2024.pdf,Table 13 Debt and liabilities: Initial assessment,high,
sp_us_government_2024,Individual Credit Profile Assessment,Debt & Liabilities,npl_per_capita,Net pension liabilities per capita,direct_numeric,3,,1500,2500,True,False,lower_is_stronger,absolute,,,,,,SP Local Government Scorecard Criteria 2024.pdf,Table 13 Debt and liabilities: Initial assessment,high,
sp_us_government_2024,Individual Credit Profile Assessment,Debt & Liabilities,npl_per_capita,Net pension liabilities per capita,direct_numeric,4,,2500,3500,True,False,lower_is_stronger,absolute,,,,,,SP Local Government Scorecard Criteria 2024.pdf,Table 13 Debt and liabilities: Initial assessment,high,
sp_us_government_2024,Individual Credit Profile Assessment,Debt & Liabilities,npl_per_capita,Net pension liabilities per capita,direct_numeric,5,,3500,4500,True,False,lower_is_stronger,absolute,,,,,,SP Local Government Scorecard Criteria 2024.pdf,Table 13 Debt and liabilities: Initial assessment,high,
sp_us_government_2024,Individual Credit Profile Assessment,Debt & Liabilities,npl_per_capita,Net pension liabilities per capita,direct_numeric,6,,4500,,False,,lower_is_stronger,absolute,,,,,,SP Local Government Scorecard Criteria 2024.pdf,Table 13 Debt and liabilities: Initial assessment,high,
sp_us_government_2024,Individual Credit Profile Assessment,Management,management_assessment,Management Assessment,manual_score,1,1 to 6 analyst assessment,,,,,,decimal,,,,,,SP Local Government Scorecard Criteria 2024.pdf,Management factor is primarily qualitative,high,"Manual input. Score 1 strongest, 6 weakest."
sp_us_government_2024,Institutional Framework,Institutional Framework,institutional_framework_rating,Institutional Framework Assessment,manual_score,1,1 to 6 analyst assessment,,,,,,decimal,,,,,,SP Local Government Scorecard Criteria 2024.pdf,Institutional Framework section,high,"Manual/lookup input by state/government type; used later by anchor engine, not ICP factor engine."
sp_water_sewer,Enterprise Profile,Economic Fundamentals,income_ratio,Current MHHEBI/EBI as % of U.S.,matrix_2d,1,,1.25,,False,,higher_is_stronger,decimal,gdp_growth_relative_to_us,0.01,,True,,S&P Water Sewer Criteria 2025.pdf,Table 4 Assessment of Economic Fundamentals,high,Official rule combines income ratio with real GCP growth relative to U.S. by 1% band. Current formula_library may need gdp_growth_relative_to_us.
sp_water_sewer,Enterprise Profile,Economic Fundamentals,income_ratio,Current MHHEBI/EBI as % of U.S.,matrix_2d,1,,1.25,,False,,higher_is_stronger,decimal,gdp_growth_relative_to_us,-0.01,0.01,True,False,S&P Water Sewer Criteria 2025.pdf,Table 4 Assessment of Economic Fundamentals,high,Official rule combines income ratio with real GCP growth relative to U.S. by 1% band. Current formula_library may need gdp_growth_relative_to_us.
sp_water_sewer,Enterprise Profile,Economic Fundamentals,income_ratio,Current MHHEBI/EBI as % of U.S.,matrix_2d,2,,1.25,,False,,higher_is_stronger,decimal,gdp_growth_relative_to_us,,-0.01,,False,S&P Water Sewer Criteria 2025.pdf,Table 4 Assessment of Economic Fundamentals,high,Official rule combines income ratio with real GCP growth relative to U.S. by 1% band. Current formula_library may need gdp_growth_relative_to_us.
sp_water_sewer,Enterprise Profile,Economic Fundamentals,income_ratio,Current MHHEBI/EBI as % of U.S.,matrix_2d,1,,1.0,1.25,True,False,higher_is_stronger,decimal,gdp_growth_relative_to_us,0.01,,True,,S&P Water Sewer Criteria 2025.pdf,Table 4 Assessment of Economic Fundamentals,high,Official rule combines income ratio with real GCP growth relative to U.S. by 1% band. Current formula_library may need gdp_growth_relative_to_us.
sp_water_sewer,Enterprise Profile,Economic Fundamentals,income_ratio,Current MHHEBI/EBI as % of U.S.,matrix_2d,2,,1.0,1.25,True,False,higher_is_stronger,decimal,gdp_growth_relative_to_us,-0.01,0.01,True,False,S&P Water Sewer Criteria 2025.pdf,Table 4 Assessment of Economic Fundamentals,high,Official rule combines income ratio with real GCP growth relative to U.S. by 1% band. Current formula_library may need gdp_growth_relative_to_us.
sp_water_sewer,Enterprise Profile,Economic Fundamentals,income_ratio,Current MHHEBI/EBI as % of U.S.,matrix_2d,3,,1.0,1.25,True,False,higher_is_stronger,decimal,gdp_growth_relative_to_us,,-0.01,,False,S&P Water Sewer Criteria 2025.pdf,Table 4 Assessment of Economic Fundamentals,high,Official rule combines income ratio with real GCP growth relative to U.S. by 1% band. Current formula_library may need gdp_growth_relative_to_us.
sp_water_sewer,Enterprise Profile,Economic Fundamentals,income_ratio,Current MHHEBI/EBI as % of U.S.,matrix_2d,2,,0.75,1.0,True,False,higher_is_stronger,decimal,gdp_growth_relative_to_us,0.01,,True,,S&P Water Sewer Criteria 2025.pdf,Table 4 Assessment of Economic Fundamentals,high,Official rule combines income ratio with real GCP growth relative to U.S. by 1% band. Current formula_library may need gdp_growth_relative_to_us.
sp_water_sewer,Enterprise Profile,Economic Fundamentals,income_ratio,Current MHHEBI/EBI as % of U.S.,matrix_2d,3,,0.75,1.0,True,False,higher_is_stronger,decimal,gdp_growth_relative_to_us,-0.01,0.01,True,False,S&P Water Sewer Criteria 2025.pdf,Table 4 Assessment of Economic Fundamentals,high,Official rule combines income ratio with real GCP growth relative to U.S. by 1% band. Current formula_library may need gdp_growth_relative_to_us.
sp_water_sewer,Enterprise Profile,Economic Fundamentals,income_ratio,Current MHHEBI/EBI as % of U.S.,matrix_2d,4,,0.75,1.0,True,False,higher_is_stronger,decimal,gdp_growth_relative_to_us,,-0.01,,False,S&P Water Sewer Criteria 2025.pdf,Table 4 Assessment of Economic Fundamentals,high,Official rule combines income ratio with real GCP growth relative to U.S. by 1% band. Current formula_library may need gdp_growth_relative_to_us.
sp_water_sewer,Enterprise Profile,Economic Fundamentals,income_ratio,Current MHHEBI/EBI as % of U.S.,matrix_2d,3,,0.35,0.75,True,False,higher_is_stronger,decimal,gdp_growth_relative_to_us,0.01,,True,,S&P Water Sewer Criteria 2025.pdf,Table 4 Assessment of Economic Fundamentals,high,Official rule combines income ratio with real GCP growth relative to U.S. by 1% band. Current formula_library may need gdp_growth_relative_to_us.
sp_water_sewer,Enterprise Profile,Economic Fundamentals,income_ratio,Current MHHEBI/EBI as % of U.S.,matrix_2d,4,,0.35,0.75,True,False,higher_is_stronger,decimal,gdp_growth_relative_to_us,-0.01,0.01,True,False,S&P Water Sewer Criteria 2025.pdf,Table 4 Assessment of Economic Fundamentals,high,Official rule combines income ratio with real GCP growth relative to U.S. by 1% band. Current formula_library may need gdp_growth_relative_to_us.
sp_water_sewer,Enterprise Profile,Economic Fundamentals,income_ratio,Current MHHEBI/EBI as % of U.S.,matrix_2d,5,,0.35,0.75,True,False,higher_is_stronger,decimal,gdp_growth_relative_to_us,,-0.01,,False,S&P Water Sewer Criteria 2025.pdf,Table 4 Assessment of Economic Fundamentals,high,Official rule combines income ratio with real GCP growth relative to U.S. by 1% band. Current formula_library may need gdp_growth_relative_to_us.
sp_water_sewer,Enterprise Profile,Economic Fundamentals,income_ratio,Current MHHEBI/EBI as % of U.S.,matrix_2d,4,,,0.35,,True,higher_is_stronger,decimal,gdp_growth_relative_to_us,0.01,,True,,S&P Water Sewer Criteria 2025.pdf,Table 4 Assessment of Economic Fundamentals,high,Official rule combines income ratio with real GCP growth relative to U.S. by 1% band. Current formula_library may need gdp_growth_relative_to_us.
sp_water_sewer,Enterprise Profile,Economic Fundamentals,income_ratio,Current MHHEBI/EBI as % of U.S.,matrix_2d,5,,,0.35,,True,higher_is_stronger,decimal,gdp_growth_relative_to_us,-0.01,0.01,True,False,S&P Water Sewer Criteria 2025.pdf,Table 4 Assessment of Economic Fundamentals,high,Official rule combines income ratio with real GCP growth relative to U.S. by 1% band. Current formula_library may need gdp_growth_relative_to_us.
sp_water_sewer,Enterprise Profile,Economic Fundamentals,income_ratio,Current MHHEBI/EBI as % of U.S.,matrix_2d,6,,,0.35,,True,higher_is_stronger,decimal,gdp_growth_relative_to_us,,-0.01,,False,S&P Water Sewer Criteria 2025.pdf,Table 4 Assessment of Economic Fundamentals,high,Official rule combines income ratio with real GCP growth relative to U.S. by 1% band. Current formula_library may need gdp_growth_relative_to_us.
sp_water_sewer,Enterprise Profile,Market Position,poverty_rate,County poverty rate x annual utility bill affordability,matrix_2d,1,,,0.1,,False,lower_is_stronger,decimal,utility_bill_affordability,,0.0225,,False,S&P Water Sewer Criteria 2025.pdf,"Table 8 Market Position Assessment, Water And Sewer/Drainage Utilities",high,Use this matrix for combined water/sewer or drainage utilities. Water-only/sewer-only have separate bill cutoffs in Tables 6/7.
sp_water_sewer,Enterprise Profile,Market Position,poverty_rate,County poverty rate x annual utility bill affordability,matrix_2d,2,,,0.1,,False,lower_is_stronger,decimal,utility_bill_affordability,0.0225,0.045,True,False,S&P Water Sewer Criteria 2025.pdf,"Table 8 Market Position Assessment, Water And Sewer/Drainage Utilities",high,Use this matrix for combined water/sewer or drainage utilities. Water-only/sewer-only have separate bill cutoffs in Tables 6/7.
sp_water_sewer,Enterprise Profile,Market Position,poverty_rate,County poverty rate x annual utility bill affordability,matrix_2d,3,,,0.1,,False,lower_is_stronger,decimal,utility_bill_affordability,0.045,,False,,S&P Water Sewer Criteria 2025.pdf,"Table 8 Market Position Assessment, Water And Sewer/Drainage Utilities",high,Use this matrix for combined water/sewer or drainage utilities. Water-only/sewer-only have separate bill cutoffs in Tables 6/7.
sp_water_sewer,Enterprise Profile,Market Position,poverty_rate,County poverty rate x annual utility bill affordability,matrix_2d,2,,0.1,0.2,True,False,lower_is_stronger,decimal,utility_bill_affordability,,0.0225,,False,S&P Water Sewer Criteria 2025.pdf,"Table 8 Market Position Assessment, Water And Sewer/Drainage Utilities",high,Use this matrix for combined water/sewer or drainage utilities. Water-only/sewer-only have separate bill cutoffs in Tables 6/7.
sp_water_sewer,Enterprise Profile,Market Position,poverty_rate,County poverty rate x annual utility bill affordability,matrix_2d,3,,0.1,0.2,True,False,lower_is_stronger,decimal,utility_bill_affordability,0.0225,0.045,True,False,S&P Water Sewer Criteria 2025.pdf,"Table 8 Market Position Assessment, Water And Sewer/Drainage Utilities",high,Use this matrix for combined water/sewer or drainage utilities. Water-only/sewer-only have separate bill cutoffs in Tables 6/7.
sp_water_sewer,Enterprise Profile,Market Position,poverty_rate,County poverty rate x annual utility bill affordability,matrix_2d,4,,0.1,0.2,True,False,lower_is_stronger,decimal,utility_bill_affordability,0.045,,False,,S&P Water Sewer Criteria 2025.pdf,"Table 8 Market Position Assessment, Water And Sewer/Drainage Utilities",high,Use this matrix for combined water/sewer or drainage utilities. Water-only/sewer-only have separate bill cutoffs in Tables 6/7.
sp_water_sewer,Enterprise Profile,Market Position,poverty_rate,County poverty rate x annual utility bill affordability,matrix_2d,3,,0.2,0.3,True,False,lower_is_stronger,decimal,utility_bill_affordability,,0.0225,,False,S&P Water Sewer Criteria 2025.pdf,"Table 8 Market Position Assessment, Water And Sewer/Drainage Utilities",high,Use this matrix for combined water/sewer or drainage utilities. Water-only/sewer-only have separate bill cutoffs in Tables 6/7.
sp_water_sewer,Enterprise Profile,Market Position,poverty_rate,County poverty rate x annual utility bill affordability,matrix_2d,4,,0.2,0.3,True,False,lower_is_stronger,decimal,utility_bill_affordability,0.0225,0.045,True,False,S&P Water Sewer Criteria 2025.pdf,"Table 8 Market Position Assessment, Water And Sewer/Drainage Utilities",high,Use this matrix for combined water/sewer or drainage utilities. Water-only/sewer-only have separate bill cutoffs in Tables 6/7.
sp_water_sewer,Enterprise Profile,Market Position,poverty_rate,County poverty rate x annual utility bill affordability,matrix_2d,5,,0.2,0.3,True,False,lower_is_stronger,decimal,utility_bill_affordability,0.045,,False,,S&P Water Sewer Criteria 2025.pdf,"Table 8 Market Position Assessment, Water And Sewer/Drainage Utilities",high,Use this matrix for combined water/sewer or drainage utilities. Water-only/sewer-only have separate bill cutoffs in Tables 6/7.
sp_water_sewer,Enterprise Profile,Market Position,poverty_rate,County poverty rate x annual utility bill affordability,matrix_2d,4,,0.3,,False,,lower_is_stronger,decimal,utility_bill_affordability,,0.0225,,False,S&P Water Sewer Criteria 2025.pdf,"Table 8 Market Position Assessment, Water And Sewer/Drainage Utilities",high,Use this matrix for combined water/sewer or drainage utilities. Water-only/sewer-only have separate bill cutoffs in Tables 6/7.
sp_water_sewer,Enterprise Profile,Market Position,poverty_rate,County poverty rate x annual utility bill affordability,matrix_2d,5,,0.3,,False,,lower_is_stronger,decimal,utility_bill_affordability,0.0225,0.045,True,False,S&P Water Sewer Criteria 2025.pdf,"Table 8 Market Position Assessment, Water And Sewer/Drainage Utilities",high,Use this matrix for combined water/sewer or drainage utilities. Water-only/sewer-only have separate bill cutoffs in Tables 6/7.
sp_water_sewer,Enterprise Profile,Market Position,poverty_rate,County poverty rate x annual utility bill affordability,matrix_2d,6,,0.3,,False,,lower_is_stronger,decimal,utility_bill_affordability,0.045,,False,,S&P Water Sewer Criteria 2025.pdf,"Table 8 Market Position Assessment, Water And Sewer/Drainage Utilities",high,Use this matrix for combined water/sewer or drainage utilities. Water-only/sewer-only have separate bill cutoffs in Tables 6/7.
sp_water_sewer,Financial Profile,All in Coverage,coverage_ratio,All-in coverage ratio,direct_numeric,1,,1.6,,True,,higher_is_stronger,x,,,,,,S&P Water Sewer Criteria 2025.pdf,Table 17 Assessment Of All-In Coverage,high,"Direction stored as lower_is_stronger would be wrong for coverage, overridden below"
sp_water_sewer,Financial Profile,All in Coverage,coverage_ratio,All-in coverage ratio,direct_numeric,2,,1.4,1.6,True,False,higher_is_stronger,x,,,,,,S&P Water Sewer Criteria 2025.pdf,Table 17 Assessment Of All-In Coverage,high,"Direction stored as lower_is_stronger would be wrong for coverage, overridden below"
sp_water_sewer,Financial Profile,All in Coverage,coverage_ratio,All-in coverage ratio,direct_numeric,3,,1.2,1.4,True,False,higher_is_stronger,x,,,,,,S&P Water Sewer Criteria 2025.pdf,Table 17 Assessment Of All-In Coverage,high,"Direction stored as lower_is_stronger would be wrong for coverage, overridden below"
sp_water_sewer,Financial Profile,All in Coverage,coverage_ratio,All-in coverage ratio,direct_numeric,4,,1.1,1.2,True,False,higher_is_stronger,x,,,,,,S&P Water Sewer Criteria 2025.pdf,Table 17 Assessment Of All-In Coverage,high,"Direction stored as lower_is_stronger would be wrong for coverage, overridden below"
sp_water_sewer,Financial Profile,All in Coverage,coverage_ratio,All-in coverage ratio,direct_numeric,5,,1.0,1.1,True,False,higher_is_stronger,x,,,,,,S&P Water Sewer Criteria 2025.pdf,Table 17 Assessment Of All-In Coverage,high,"Direction stored as lower_is_stronger would be wrong for coverage, overridden below"
sp_water_sewer,Financial Profile,All in Coverage,coverage_ratio,All-in coverage ratio,direct_numeric,6,,,1.0,,False,higher_is_stronger,x,,,,,,S&P Water Sewer Criteria 2025.pdf,Table 17 Assessment Of All-In Coverage,high,"Direction stored as lower_is_stronger would be wrong for coverage, overridden below"
sp_water_sewer,Financial Profile,Liquidity and Reserves,cash_days,Days cash preliminary evaluation,direct_numeric,1,,150,,False,,higher_is_stronger,days,,,,,,S&P Water Sewer Criteria 2025.pdf,Table 18 Liquidity And Reserves Preliminary Evaluation,high,Official final assessment also combines available reserves amount via Table 19. This is the MVP cash-days-only preliminary score.
sp_water_sewer,Financial Profile,Liquidity and Reserves,cash_days,Days cash preliminary evaluation,direct_numeric,2,,90,150,True,True,higher_is_stronger,days,,,,,,S&P Water Sewer Criteria 2025.pdf,Table 18 Liquidity And Reserves Preliminary Evaluation,high,Official final assessment also combines available reserves amount via Table 19. This is the MVP cash-days-only preliminary score.
sp_water_sewer,Financial Profile,Liquidity and Reserves,cash_days,Days cash preliminary evaluation,direct_numeric,3,,60,90,True,False,higher_is_stronger,days,,,,,,S&P Water Sewer Criteria 2025.pdf,Table 18 Liquidity And Reserves Preliminary Evaluation,high,Official final assessment also combines available reserves amount via Table 19. This is the MVP cash-days-only preliminary score.
sp_water_sewer,Financial Profile,Liquidity and Reserves,cash_days,Days cash preliminary evaluation,direct_numeric,4,,30,60,True,False,higher_is_stronger,days,,,,,,S&P Water Sewer Criteria 2025.pdf,Table 18 Liquidity And Reserves Preliminary Evaluation,high,Official final assessment also combines available reserves amount via Table 19. This is the MVP cash-days-only preliminary score.
sp_water_sewer,Financial Profile,Liquidity and Reserves,cash_days,Days cash preliminary evaluation,direct_numeric,5,,15,30,True,False,higher_is_stronger,days,,,,,,S&P Water Sewer Criteria 2025.pdf,Table 18 Liquidity And Reserves Preliminary Evaluation,high,Official final assessment also combines available reserves amount via Table 19. This is the MVP cash-days-only preliminary score.
sp_water_sewer,Financial Profile,Liquidity and Reserves,cash_days,Days cash preliminary evaluation,direct_numeric,6,,,15,,False,higher_is_stronger,days,,,,,,S&P Water Sewer Criteria 2025.pdf,Table 18 Liquidity And Reserves Preliminary Evaluation,high,Official final assessment also combines available reserves amount via Table 19. This is the MVP cash-days-only preliminary score.
sp_water_sewer,Financial Profile,Debt & Liabilities,debt_to_capitalization,Debt to capitalization,direct_numeric,1,,,0.2,,True,lower_is_stronger,decimal,,,,,,S&P Water Sewer Criteria 2025.pdf,Table 21 Assessment Of Debt And Liabilities,high,
sp_water_sewer,Financial Profile,Debt & Liabilities,debt_to_capitalization,Debt to capitalization,direct_numeric,2,,0.2,0.35,False,True,lower_is_stronger,decimal,,,,,,S&P Water Sewer Criteria 2025.pdf,Table 21 Assessment Of Debt And Liabilities,high,
sp_water_sewer,Financial Profile,Debt & Liabilities,debt_to_capitalization,Debt to capitalization,direct_numeric,3,,0.35,0.5,False,True,lower_is_stronger,decimal,,,,,,S&P Water Sewer Criteria 2025.pdf,Table 21 Assessment Of Debt And Liabilities,high,
sp_water_sewer,Financial Profile,Debt & Liabilities,debt_to_capitalization,Debt to capitalization,direct_numeric,4,,0.5,0.65,False,True,lower_is_stronger,decimal,,,,,,S&P Water Sewer Criteria 2025.pdf,Table 21 Assessment Of Debt And Liabilities,high,
sp_water_sewer,Financial Profile,Debt & Liabilities,debt_to_capitalization,Debt to capitalization,direct_numeric,5,,0.65,0.8,False,True,lower_is_stronger,decimal,,,,,,S&P Water Sewer Criteria 2025.pdf,Table 21 Assessment Of Debt And Liabilities,high,
sp_water_sewer,Financial Profile,Debt & Liabilities,debt_to_capitalization,Debt to capitalization,direct_numeric,6,,0.8,,False,,lower_is_stronger,decimal,,,,,,S&P Water Sewer Criteria 2025.pdf,Table 21 Assessment Of Debt And Liabilities,high,
sp_water_sewer,Manual / Qualitative,Industry Risk,industry_risk,Industry Risk,manual_score,1,1 to 6 analyst assessment,,,,,,decimal,,,,,,S&P Water Sewer Criteria 2025.pdf,Qualitative management / industry risk sections,medium,Manual input in MVP. Later can decompose OMA/FMA subfactors.
sp_water_sewer,Manual / Qualitative,Operational Management Assessment,operational_management_assessment,Operational Management Assessment,manual_score,1,1 to 6 analyst assessment,,,,,,decimal,,,,,,S&P Water Sewer Criteria 2025.pdf,Qualitative management / industry risk sections,medium,Manual input in MVP. Later can decompose OMA/FMA subfactors.
sp_water_sewer,Manual / Qualitative,Financial Management Assessment,financial_management_assessment,Financial Management Assessment,manual_score,1,1 to 6 analyst assessment,,,,,,decimal,,,,,,S&P Water Sewer Criteria 2025.pdf,Qualitative management / industry risk sections,medium,Manual input in MVP. Later can decompose OMA/FMA subfactors.
sp_community_college_go,Financial Profile,Financial Performance,adjusted_operating_margin,Operating margin - community colleges,direct_numeric,1,,0.05,,False,,higher_is_stronger,decimal,,,,,,S&P - RatingsDirect_Criteria_Governments_General_GlobalNot-For-ProfitEducationProviders_3350616_Apr-24-2023.pdf,Table 6 Assessing Financial Performance For Education Providers,high,
sp_community_college_go,Financial Profile,Financial Performance,adjusted_operating_margin,Operating margin - community colleges,direct_numeric,2,,0.01,0.05,True,True,higher_is_stronger,decimal,,,,,,S&P - RatingsDirect_Criteria_Governments_General_GlobalNot-For-ProfitEducationProviders_3350616_Apr-24-2023.pdf,Table 6 Assessing Financial Performance For Education Providers,high,
sp_community_college_go,Financial Profile,Financial Performance,adjusted_operating_margin,Operating margin - community colleges,direct_numeric,3,,-0.02,0.01,True,False,higher_is_stronger,decimal,,,,,,S&P - RatingsDirect_Criteria_Governments_General_GlobalNot-For-ProfitEducationProviders_3350616_Apr-24-2023.pdf,Table 6 Assessing Financial Performance For Education Providers,high,
sp_community_college_go,Financial Profile,Financial Performance,adjusted_operating_margin,Operating margin - community colleges,direct_numeric,4,,-0.05,-0.02,True,False,higher_is_stronger,decimal,,,,,,S&P - RatingsDirect_Criteria_Governments_General_GlobalNot-For-ProfitEducationProviders_3350616_Apr-24-2023.pdf,Table 6 Assessing Financial Performance For Education Providers,high,
sp_community_college_go,Financial Profile,Financial Performance,adjusted_operating_margin,Operating margin - community colleges,direct_numeric,5,,-0.08,-0.05,True,False,higher_is_stronger,decimal,,,,,,S&P - RatingsDirect_Criteria_Governments_General_GlobalNot-For-ProfitEducationProviders_3350616_Apr-24-2023.pdf,Table 6 Assessing Financial Performance For Education Providers,high,
sp_community_college_go,Financial Profile,Financial Performance,adjusted_operating_margin,Operating margin - community colleges,direct_numeric,6,,,-0.08,,False,higher_is_stronger,decimal,,,,,,S&P - RatingsDirect_Criteria_Governments_General_GlobalNot-For-ProfitEducationProviders_3350616_Apr-24-2023.pdf,Table 6 Assessing Financial Performance For Education Providers,high,
sp_community_college_go,Financial Profile,Financial Resources,cash_to_opex,Cash and investments to operating expenses - public universities/community colleges,direct_numeric,1,,0.9,,False,,higher_is_stronger,decimal,,,,,,S&P - RatingsDirect_Criteria_Governments_General_GlobalNot-For-ProfitEducationProviders_3350616_Apr-24-2023.pdf,Table 8 Assessing Financial Resources For Education Providers,high,
sp_community_college_go,Financial Profile,Financial Resources,cash_to_opex,Cash and investments to operating expenses - public universities/community colleges,direct_numeric,2,,0.6,0.9,True,True,higher_is_stronger,decimal,,,,,,S&P - RatingsDirect_Criteria_Governments_General_GlobalNot-For-ProfitEducationProviders_3350616_Apr-24-2023.pdf,Table 8 Assessing Financial Resources For Education Providers,high,
sp_community_college_go,Financial Profile,Financial Resources,cash_to_opex,Cash and investments to operating expenses - public universities/community colleges,direct_numeric,3,,0.3,0.6,True,False,higher_is_stronger,decimal,,,,,,S&P - RatingsDirect_Criteria_Governments_General_GlobalNot-For-ProfitEducationProviders_3350616_Apr-24-2023.pdf,Table 8 Assessing Financial Resources For Education Providers,high,
sp_community_college_go,Financial Profile,Financial Resources,cash_to_opex,Cash and investments to operating expenses - public universities/community colleges,direct_numeric,4,,0.2,0.3,True,False,higher_is_stronger,decimal,,,,,,S&P - RatingsDirect_Criteria_Governments_General_GlobalNot-For-ProfitEducationProviders_3350616_Apr-24-2023.pdf,Table 8 Assessing Financial Resources For Education Providers,high,
sp_community_college_go,Financial Profile,Financial Resources,cash_to_opex,Cash and investments to operating expenses - public universities/community colleges,direct_numeric,5,,0.15,0.2,True,False,higher_is_stronger,decimal,,,,,,S&P - RatingsDirect_Criteria_Governments_General_GlobalNot-For-ProfitEducationProviders_3350616_Apr-24-2023.pdf,Table 8 Assessing Financial Resources For Education Providers,high,
sp_community_college_go,Financial Profile,Financial Resources,cash_to_opex,Cash and investments to operating expenses - public universities/community colleges,direct_numeric,6,,,0.15,,False,higher_is_stronger,decimal,,,,,,S&P - RatingsDirect_Criteria_Governments_General_GlobalNot-For-ProfitEducationProviders_3350616_Apr-24-2023.pdf,Table 8 Assessing Financial Resources For Education Providers,high,
sp_community_college_go,Financial Profile,Debt & Contingent Liabilities,mads_burden,Maximum annual debt service burden - community colleges,direct_numeric,1,,,0.02,,False,lower_is_stronger,decimal,,,,,,S&P - RatingsDirect_Criteria_Governments_General_GlobalNot-For-ProfitEducationProviders_3350616_Apr-24-2023.pdf,Table 10 Assessing Debt And Contingent Liabilities For Education Providers,high,
sp_community_college_go,Financial Profile,Debt & Contingent Liabilities,mads_burden,Maximum annual debt service burden - community colleges,direct_numeric,2,,0.02,0.04,True,False,lower_is_stronger,decimal,,,,,,S&P - RatingsDirect_Criteria_Governments_General_GlobalNot-For-ProfitEducationProviders_3350616_Apr-24-2023.pdf,Table 10 Assessing Debt And Contingent Liabilities For Education Providers,high,
sp_community_college_go,Financial Profile,Debt & Contingent Liabilities,mads_burden,Maximum annual debt service burden - community colleges,direct_numeric,3,,0.04,0.06,True,False,lower_is_stronger,decimal,,,,,,S&P - RatingsDirect_Criteria_Governments_General_GlobalNot-For-ProfitEducationProviders_3350616_Apr-24-2023.pdf,Table 10 Assessing Debt And Contingent Liabilities For Education Providers,high,
sp_community_college_go,Financial Profile,Debt & Contingent Liabilities,mads_burden,Maximum annual debt service burden - community colleges,direct_numeric,4,,0.06,0.12,True,False,lower_is_stronger,decimal,,,,,,S&P - RatingsDirect_Criteria_Governments_General_GlobalNot-For-ProfitEducationProviders_3350616_Apr-24-2023.pdf,Table 10 Assessing Debt And Contingent Liabilities For Education Providers,high,
sp_community_college_go,Financial Profile,Debt & Contingent Liabilities,mads_burden,Maximum annual debt service burden - community colleges,direct_numeric,5,,0.12,0.2,True,False,lower_is_stronger,decimal,,,,,,S&P - RatingsDirect_Criteria_Governments_General_GlobalNot-For-ProfitEducationProviders_3350616_Apr-24-2023.pdf,Table 10 Assessing Debt And Contingent Liabilities For Education Providers,high,
sp_community_college_go,Financial Profile,Debt & Contingent Liabilities,mads_burden,Maximum annual debt service burden - community colleges,direct_numeric,6,,0.2,,False,,lower_is_stronger,decimal,,,,,,S&P - RatingsDirect_Criteria_Governments_General_GlobalNot-For-ProfitEducationProviders_3350616_Apr-24-2023.pdf,Table 10 Assessing Debt And Contingent Liabilities For Education Providers,high,
sp_community_college_go,Financial Profile,Debt & Contingent Liabilities,cash_to_ltd,Cash and investments to total debt - community colleges,direct_numeric,1,,2.0,,False,,higher_is_stronger,decimal,,,,,,S&P - RatingsDirect_Criteria_Governments_General_GlobalNot-For-ProfitEducationProviders_3350616_Apr-24-2023.pdf,Table 10 Assessing Debt And Contingent Liabilities For Education Providers,high,
sp_community_college_go,Financial Profile,Debt & Contingent Liabilities,cash_to_ltd,Cash and investments to total debt - community colleges,direct_numeric,2,,1.0,2.0,True,True,higher_is_stronger,decimal,,,,,,S&P - RatingsDirect_Criteria_Governments_General_GlobalNot-For-ProfitEducationProviders_3350616_Apr-24-2023.pdf,Table 10 Assessing Debt And Contingent Liabilities For Education Providers,high,
sp_community_college_go,Financial Profile,Debt & Contingent Liabilities,cash_to_ltd,Cash and investments to total debt - community colleges,direct_numeric,3,,0.7,1.0,True,False,higher_is_stronger,decimal,,,,,,S&P - RatingsDirect_Criteria_Governments_General_GlobalNot-For-ProfitEducationProviders_3350616_Apr-24-2023.pdf,Table 10 Assessing Debt And Contingent Liabilities For Education Providers,high,
sp_community_college_go,Financial Profile,Debt & Contingent Liabilities,cash_to_ltd,Cash and investments to total debt - community colleges,direct_numeric,4,,0.5,0.7,True,False,higher_is_stronger,decimal,,,,,,S&P - RatingsDirect_Criteria_Governments_General_GlobalNot-For-ProfitEducationProviders_3350616_Apr-24-2023.pdf,Table 10 Assessing Debt And Contingent Liabilities For Education Providers,high,
sp_community_college_go,Financial Profile,Debt & Contingent Liabilities,cash_to_ltd,Cash and investments to total debt - community colleges,direct_numeric,5,,0.2,0.5,True,False,higher_is_stronger,decimal,,,,,,S&P - RatingsDirect_Criteria_Governments_General_GlobalNot-For-ProfitEducationProviders_3350616_Apr-24-2023.pdf,Table 10 Assessing Debt And Contingent Liabilities For Education Providers,high,
sp_community_college_go,Financial Profile,Debt & Contingent Liabilities,cash_to_ltd,Cash and investments to total debt - community colleges,direct_numeric,6,,,0.2,,False,higher_is_stronger,decimal,,,,,,S&P - RatingsDirect_Criteria_Governments_General_GlobalNot-For-ProfitEducationProviders_3350616_Apr-24-2023.pdf,Table 10 Assessing Debt And Contingent Liabilities For Education Providers,high,
sp_community_college_go,Enterprise Profile,Industry Risk,industry_risk,Industry Risk,manual_score,1,1 to 6 analyst assessment,,,,,,decimal,,,,,,S&P - RatingsDirect_Criteria_Governments_General_GlobalNot-For-ProfitEducationProviders_3350616_Apr-24-2023.pdf,Enterprise risk profile qualitative factors,medium,Manual input in MVP.
sp_community_college_go,Enterprise Profile,Management & Governance,management_governance_assessment,Management & Governance,manual_score,1,1 to 6 analyst assessment,,,,,,decimal,,,,,,S&P - RatingsDirect_Criteria_Governments_General_GlobalNot-For-ProfitEducationProviders_3350616_Apr-24-2023.pdf,Enterprise risk profile qualitative factors,medium,Manual input in MVP.
sp_community_college_go,Enterprise Profile,Economy,gdp_per_capita,GDP per capita,manual_or_external_scale,,,,,,,,decimal,,,,,,S&P - RatingsDirect_Criteria_Governments_General_GlobalNot-For-ProfitEducationProviders_3350616_Apr-24-2023.pdf,Economic fundamentals / market position sections,low,Exact threshold table was not sufficiently available in uploaded snippets/project templates; keep manual until official scale is added.
sp_community_college_go,Enterprise Profile,Economy,personal_income_per_capita,Personal income per capita,manual_or_external_scale,,,,,,,,decimal,,,,,,S&P - RatingsDirect_Criteria_Governments_General_GlobalNot-For-ProfitEducationProviders_3350616_Apr-24-2023.pdf,Economic fundamentals / market position sections,low,Exact threshold table was not sufficiently available in uploaded snippets/project templates; keep manual until official scale is added.
sp_community_college_go,Enterprise Profile,Economy,population_growth,Population Growth,manual_or_external_scale,,,,,,,,decimal,,,,,,S&P - RatingsDirect_Criteria_Governments_General_GlobalNot-For-ProfitEducationProviders_3350616_Apr-24-2023.pdf,Economic fundamentals / market position sections,low,Exact threshold table was not sufficiently available in uploaded snippets/project templates; keep manual until official scale is added.
sp_community_college_go,Enterprise Profile,Economy,assessed_value_growth,Assessed Value Growth,manual_or_external_scale,,,,,,,,decimal,,,,,,S&P - RatingsDirect_Criteria_Governments_General_GlobalNot-For-ProfitEducationProviders_3350616_Apr-24-2023.pdf,Economic fundamentals / market position sections,low,Exact threshold table was not sufficiently available in uploaded snippets/project templates; keep manual until official scale is added.
sp_community_college_go,Enterprise Profile,Market Position,service_area_population,Service Area Population,manual_or_external_scale,,,,,,,,decimal,,,,,,S&P - RatingsDirect_Criteria_Governments_General_GlobalNot-For-ProfitEducationProviders_3350616_Apr-24-2023.pdf,Economic fundamentals / market position sections,low,Exact threshold table was not sufficiently available in uploaded snippets/project templates; keep manual until official scale is added.
sp_community_college_go,Enterprise Profile,Market Position,fte_enrollment,FTE Enrollment,manual_or_external_scale,,,,,,,,decimal,,,,,,S&P - RatingsDirect_Criteria_Governments_General_GlobalNot-For-ProfitEducationProviders_3350616_Apr-24-2023.pdf,Economic fundamentals / market position sections,low,Exact threshold table was not sufficiently available in uploaded snippets/project templates; keep manual until official scale is added.
moodys_k12,Overall,Indicative Rating,weighted_average_score,Moody weighted average score to indicative rating,overall_rating_bucket,1,Aaa,,1.5,,True,lower_is_stronger,score,,,,,,Moody's K-12 Scorecard - Alum Rock Union ESD (3-24-26).xlsx,Moody scorecard weighted average score table,medium,"This is an overall score-to-rating bucket, not a metric-level threshold."
moodys_k12,Overall,Indicative Rating,weighted_average_score,Moody weighted average score to indicative rating,overall_rating_bucket,2,Aa1-Aa3,1.5,4.5,False,True,lower_is_stronger,score,,,,,,Moody's K-12 Scorecard - Alum Rock Union ESD (3-24-26).xlsx,Moody scorecard weighted average score table,medium,"This is an overall score-to-rating bucket, not a metric-level threshold."
moodys_k12,Overall,Indicative Rating,weighted_average_score,Moody weighted average score to indicative rating,overall_rating_bucket,3,A1-A3,4.5,7.5,False,True,lower_is_stronger,score,,,,,,Moody's K-12 Scorecard - Alum Rock Union ESD (3-24-26).xlsx,Moody scorecard weighted average score table,medium,"This is an overall score-to-rating bucket, not a metric-level threshold."
moodys_k12,Overall,Indicative Rating,weighted_average_score,Moody weighted average score to indicative rating,overall_rating_bucket,4,Baa1-Baa3,7.5,10.5,False,True,lower_is_stronger,score,,,,,,Moody's K-12 Scorecard - Alum Rock Union ESD (3-24-26).xlsx,Moody scorecard weighted average score table,medium,"This is an overall score-to-rating bucket, not a metric-level threshold."
moodys_k12,Overall,Indicative Rating,weighted_average_score,Moody weighted average score to indicative rating,overall_rating_bucket,5,Ba1-Ba3,10.5,13.5,False,True,lower_is_stronger,score,,,,,,Moody's K-12 Scorecard - Alum Rock Union ESD (3-24-26).xlsx,Moody scorecard weighted average score table,medium,"This is an overall score-to-rating bucket, not a metric-level threshold."
moodys_k12,Overall,Indicative Rating,weighted_average_score,Moody weighted average score to indicative rating,overall_rating_bucket,6,B1-B3,13.5,16.5,False,True,lower_is_stronger,score,,,,,,Moody's K-12 Scorecard - Alum Rock Union ESD (3-24-26).xlsx,Moody scorecard weighted average score table,medium,"This is an overall score-to-rating bucket, not a metric-level threshold."
moodys_k12,Overall,Indicative Rating,weighted_average_score,Moody weighted average score to indicative rating,overall_rating_bucket,7,Caa1-Caa3,16.5,19.5,False,True,lower_is_stronger,score,,,,,,Moody's K-12 Scorecard - Alum Rock Union ESD (3-24-26).xlsx,Moody scorecard weighted average score table,medium,"This is an overall score-to-rating bucket, not a metric-level threshold."
moodys_k12,Metric Thresholds Pending,Economy / Tax Base,full_value_per_capita,Full Value Per Capita,needs_source_threshold,,,,,,,,decimal,,,,,,Moody's K-12 Scorecard - Alum Rock Union ESD (3-24-26).xlsx,Uploaded scorecards show sample scores but not complete metric threshold tables,low,Do not auto-score this metric until official Moody threshold table is added or extracted from a full methodology.
moodys_k12,Metric Thresholds Pending,Finance,fund_balance_ratio,Fund Balance Ratio,needs_source_threshold,,,,,,,,decimal,,,,,,Moody's K-12 Scorecard - Alum Rock Union ESD (3-24-26).xlsx,Uploaded scorecards show sample scores but not complete metric threshold tables,low,Do not auto-score this metric until official Moody threshold table is added or extracted from a full methodology.
moodys_k12,Metric Thresholds Pending,Institutional Framework,institutional_framework_rating,Institutional Framework,manual_score,1,manual rating-to-score input,,,,,,decimal,,,,,,Moody's K-12 Scorecard - Alum Rock Union ESD (3-24-26).xlsx,Moody K-12 scorecard,medium,Scorecard sample uses CA school district IF = A2 / score 6; use manual selection for MVP.
moodys_ccd_go,Overall,Indicative Rating,weighted_average_score,Moody weighted average score to indicative rating,overall_rating_bucket,1,Aaa,,1.5,,True,lower_is_stronger,score,,,,,,Contra Costa CCD Moodys Higher Ed Scorecard.xlsx,Scorecard weighted score table,medium,"This is an overall score-to-rating bucket, not a metric-level threshold."
moodys_ccd_go,Overall,Indicative Rating,weighted_average_score,Moody weighted average score to indicative rating,overall_rating_bucket,2,Aa1-Aa3,1.5,4.5,False,True,lower_is_stronger,score,,,,,,Contra Costa CCD Moodys Higher Ed Scorecard.xlsx,Scorecard weighted score table,medium,"This is an overall score-to-rating bucket, not a metric-level threshold."
moodys_ccd_go,Overall,Indicative Rating,weighted_average_score,Moody weighted average score to indicative rating,overall_rating_bucket,3,A1-A3,4.5,7.5,False,True,lower_is_stronger,score,,,,,,Contra Costa CCD Moodys Higher Ed Scorecard.xlsx,Scorecard weighted score table,medium,"This is an overall score-to-rating bucket, not a metric-level threshold."
moodys_ccd_go,Overall,Indicative Rating,weighted_average_score,Moody weighted average score to indicative rating,overall_rating_bucket,4,Baa1-Baa3,7.5,10.5,False,True,lower_is_stronger,score,,,,,,Contra Costa CCD Moodys Higher Ed Scorecard.xlsx,Scorecard weighted score table,medium,"This is an overall score-to-rating bucket, not a metric-level threshold."
moodys_ccd_go,Overall,Indicative Rating,weighted_average_score,Moody weighted average score to indicative rating,overall_rating_bucket,5,Ba1-Ba3,10.5,13.5,False,True,lower_is_stronger,score,,,,,,Contra Costa CCD Moodys Higher Ed Scorecard.xlsx,Scorecard weighted score table,medium,"This is an overall score-to-rating bucket, not a metric-level threshold."
moodys_ccd_go,Overall,Indicative Rating,weighted_average_score,Moody weighted average score to indicative rating,overall_rating_bucket,6,B1-B3,13.5,16.5,False,True,lower_is_stronger,score,,,,,,Contra Costa CCD Moodys Higher Ed Scorecard.xlsx,Scorecard weighted score table,medium,"This is an overall score-to-rating bucket, not a metric-level threshold."
moodys_ccd_go,Overall,Indicative Rating,weighted_average_score,Moody weighted average score to indicative rating,overall_rating_bucket,7,Caa1-Caa3,16.5,19.5,False,True,lower_is_stronger,score,,,,,,Contra Costa CCD Moodys Higher Ed Scorecard.xlsx,Scorecard weighted score table,medium,"This is an overall score-to-rating bucket, not a metric-level threshold."
moodys_ccd_go,Metric Thresholds Pending,Economy / Tax Base,tax_base_size,Tax Base Size,needs_source_threshold,,,,,,,,decimal,,,,,,Contra Costa CCD Moodys Higher Ed Scorecard.xlsx,Uploaded scorecards show sample scores but not complete metric threshold tables,low,Do not auto-score this metric until official Moody threshold table is added or extracted from a full methodology.
moodys_ccd_go,Metric Thresholds Pending,Economy / Tax Base,full_value_per_capita,Full Value Per Capita,needs_source_threshold,,,,,,,,decimal,,,,,,Contra Costa CCD Moodys Higher Ed Scorecard.xlsx,Uploaded scorecards show sample scores but not complete metric threshold tables,low,Do not auto-score this metric until official Moody threshold table is added or extracted from a full methodology.
moodys_ccd_go,Metric Thresholds Pending,Economy / Tax Base,wealth_ratio,Wealth / MFI Ratio,needs_source_threshold,,,,,,,,decimal,,,,,,Contra Costa CCD Moodys Higher Ed Scorecard.xlsx,Uploaded scorecards show sample scores but not complete metric threshold tables,low,Do not auto-score this metric until official Moody threshold table is added or extracted from a full methodology.
moodys_ccd_go,Metric Thresholds Pending,Finance,fund_balance_ratio,Fund Balance Ratio,needs_source_threshold,,,,,,,,decimal,,,,,,Contra Costa CCD Moodys Higher Ed Scorecard.xlsx,Uploaded scorecards show sample scores but not complete metric threshold tables,low,Do not auto-score this metric until official Moody threshold table is added or extracted from a full methodology.
moodys_ccd_go,Metric Thresholds Pending,Finance,fund_balance_trend_5yr,Fund Balance Trend,needs_source_threshold,,,,,,,,decimal,,,,,,Contra Costa CCD Moodys Higher Ed Scorecard.xlsx,Uploaded scorecards show sample scores but not complete metric threshold tables,low,Do not auto-score this metric until official Moody threshold table is added or extracted from a full methodology.
moodys_ccd_go,Metric Thresholds Pending,Finance,cash_balance_ratio,Cash Balance Ratio,needs_source_threshold,,,,,,,,decimal,,,,,,Contra Costa CCD Moodys Higher Ed Scorecard.xlsx,Uploaded scorecards show sample scores but not complete metric threshold tables,low,Do not auto-score this metric until official Moody threshold table is added or extracted from a full methodology.
moodys_ccd_go,Metric Thresholds Pending,Finance,cash_balance_trend_5yr,Cash Balance Trend,needs_source_threshold,,,,,,,,decimal,,,,,,Contra Costa CCD Moodys Higher Ed Scorecard.xlsx,Uploaded scorecards show sample scores but not complete metric threshold tables,low,Do not auto-score this metric until official Moody threshold table is added or extracted from a full methodology.
moodys_ccd_go,Metric Thresholds Pending,Management,operating_history_ratio,Operating History,needs_source_threshold,,,,,,,,decimal,,,,,,Contra Costa CCD Moodys Higher Ed Scorecard.xlsx,Uploaded scorecards show sample scores but not complete metric threshold tables,low,Do not auto-score this metric until official Moody threshold table is added or extracted from a full methodology.
moodys_ccd_go,Metric Thresholds Pending,Debt / Pensions,debt_to_full_value,Debt to Full Value,needs_source_threshold,,,,,,,,decimal,,,,,,Contra Costa CCD Moodys Higher Ed Scorecard.xlsx,Uploaded scorecards show sample scores but not complete metric threshold tables,low,Do not auto-score this metric until official Moody threshold table is added or extracted from a full methodology.
moodys_ccd_go,Metric Thresholds Pending,Debt / Pensions,debt_to_revenue,Debt to Revenue,needs_source_threshold,,,,,,,,decimal,,,,,,Contra Costa CCD Moodys Higher Ed Scorecard.xlsx,Uploaded scorecards show sample scores but not complete metric threshold tables,low,Do not auto-score this metric until official Moody threshold table is added or extracted from a full methodology.
moodys_ccd_go,Metric Thresholds Pending,Debt / Pensions,adjusted_npl_to_full_value,Adjusted NPL to Full Value,needs_source_threshold,,,,,,,,decimal,,,,,,Contra Costa CCD Moodys Higher Ed Scorecard.xlsx,Uploaded scorecards show sample scores but not complete metric threshold tables,low,Do not auto-score this metric until official Moody threshold table is added or extracted from a full methodology.
moodys_ccd_go,Metric Thresholds Pending,Debt / Pensions,adjusted_npl_to_revenue,Adjusted NPL to Revenue,needs_source_threshold,,,,,,,,decimal,,,,,,Contra Costa CCD Moodys Higher Ed Scorecard.xlsx,Uploaded scorecards show sample scores but not complete metric threshold tables,low,Do not auto-score this metric until official Moody threshold table is added or extracted from a full methodology.
